{
  "format_version": "1.10",
  "minecraft:item": {
    "description": {
      "identifier": "minecraft:pufferfish"
    },

    "components": {
      "minecraft:use_duration": 32,
      "minecraft:max_damage": 0,
      "minecraft:stacked_by_data": true,

      "minecraft:food": {
        "nutrition": 1,
        "saturation_modifier": "poor",
        "effects": [
          {
            "name": "poison",
            "duration": 60,
            "amplifier": 1
          },
          {
            "name": "nausea", // confusion
            "duration": 15,
            "amplifier": 1
          },
          {
            "name": "hunger",
            "duration": 15,
            "amplifier": 2
          }
        ]
      }
    }
  }
}
