{"credit":"Made by kron","textures":{"0":"custom/elitecreatures/techno_pack/technosword","particle":"custom/elitecreatures/techno_pack/technosword"},"elements":[{"from":[6.85,5.6875,8],"to":[9.15,22.4375,8],"rotation":{"angle":0,"axis":"y","origin":[4.6789,8.44324,52]},"faces":{"north":{"uv":[0,0,1.25,8.5],"texture":"#0"},"east":{"uv":[0,0,0,8.5],"texture":"#0"},"south":{"uv":[1.25,0,0,8.5],"texture":"#0"},"west":{"uv":[0,0,0,8.5],"texture":"#0"},"up":{"uv":[1.25,0,0,0],"texture":"#0"},"down":{"uv":[1.25,0,0,0],"texture":"#0"}}},{"from":[5.6,5.1875,7.6],"to":[10.4,6.1875,8.4],"rotation":{"angle":0,"axis":"y","origin":[4.6789,8.44324,52]},"faces":{"north":{"uv":[3,0,5.5,0.5],"texture":"#0"},"east":{"uv":[6.5,0,7,0.5],"texture":"#0"},"south":{"uv":[5.5,0,3,0.5],"texture":"#0"},"west":{"uv":[6.5,0.5,7,1],"texture":"#0"},"up":{"uv":[5.5,1.5,3,1],"texture":"#0"},"down":{"uv":[5.5,1.5,3,2],"texture":"#0"}}},{"from":[4.9758,5.78782,7.7],"to":[6.7758,6.78782,8.3],"rotation":{"angle":-22.5,"axis":"z","origin":[4.6789,8.44324,52]},"faces":{"north":{"uv":[5,6,6,6.5],"texture":"#0"},"east":{"uv":[6.5,5.5,6.75,6],"texture":"#0"},"south":{"uv":[6,6,5,6.5],"texture":"#0"},"west":{"uv":[6,6.5,6.25,7],"texture":"#0"},"up":{"uv":[4,6.75,3,6.5],"texture":"#0"},"down":{"uv":[5,6.5,4,6.75],"texture":"#0"}}},{"from":[7.90176,8.01712,7.35],"to":[9.80176,9.91712,8.65],"rotation":{"angle":-45,"axis":"z","origin":[4.6789,8.44324,52]},"faces":{"north":{"uv":[3,4.5,4,5.5],"texture":"#0"},"east":{"uv":[5,2,5.75,3],"texture":"#0"},"south":{"uv":[4,4.5,3,5.5],"texture":"#0"},"west":{"uv":[5,3,5.75,4],"texture":"#0"},"up":{"uv":[6,4.75,5,4],"texture":"#0"},"down":{"uv":[6,5,5,5.75],"texture":"#0"}}},{"from":[8.71859,3.24596,7.7],"to":[10.51859,4.24596,8.3],"rotation":{"angle":22.5,"axis":"z","origin":[4.6789,8.44324,52]},"faces":{"north":{"uv":[6,4,7,4.5],"texture":"#0"},"east":{"uv":[5,6.5,5.25,7],"texture":"#0"},"south":{"uv":[7,4,6,4.5],"texture":"#0"},"west":{"uv":[5.5,6.5,5.75,7],"texture":"#0"},"up":{"uv":[7.5,1.25,6.5,1],"texture":"#0"},"down":{"uv":[7.5,1.5,6.5,1.75],"texture":"#0"}}},{"from":[7.6,0.6875,7.6],"to":[8.4,5.1875,8.4],"rotation":{"angle":0,"axis":"y","origin":[4.6789,8.44324,52]},"faces":{"north":{"uv":[3,2,3.5,4.25],"texture":"#0"},"east":{"uv":[3.5,2,4,4.25],"texture":"#0"},"south":{"uv":[3.5,2,3,4.25],"texture":"#0"},"west":{"uv":[4.5,2,5,4.25],"texture":"#0"},"up":{"uv":[6.5,6,6,5.5],"texture":"#0"},"down":{"uv":[6.5,6,6,6.5],"texture":"#0"}}},{"from":[7.25,-0.5625,7.25],"to":[8.75,0.6875,8.75],"rotation":{"angle":0,"axis":"z","origin":[8,0.0625,8]},"faces":{"north":{"uv":[5.5,0,6.25,0.75],"rotation":180,"texture":"#0"},"east":{"uv":[4,5.5,4.75,6.25],"rotation":180,"texture":"#0"},"south":{"uv":[3,5.5,3.75,6.25],"rotation":180,"texture":"#0"},"west":{"uv":[5.5,1,6.25,1.75],"rotation":180,"texture":"#0"},"up":{"uv":[6.75,3,6,3.75],"rotation":180,"texture":"#0"},"down":{"uv":[6.75,2.75,6,2],"rotation":180,"texture":"#0"}}}],"gui_light":"front","display":{"thirdperson_righthand":{"rotation":[0,-90,0],"translation":[0,4.25,1.75],"scale":[1.23,1.23,1.23]},"firstperson_righthand":{"rotation":[0,-87,0],"translation":[1.25,6,0],"scale":[0.89,0.89,0.89]},"firstperson_lefthand":{"rotation":[0,-75,0],"translation":[0.25,6,0],"scale":[0.89,0.89,0.89]},"gui":{"rotation":[0,0,-43],"translation":[-1.5,-1.75,0],"scale":[0.84,0.84,0.84]},"fixed":{"rotation":[0,0,49],"translation":[1.75,-2.25,-1],"scale":[0.95,0.95,0.95]}},"groups":[{"name":"bone","origin":[6.25,0,18.5],"color":0,"nbt":"{}","armAnimationEnabled":false,"children":[{"name":"bone2","origin":[4.6789,8.44324,52],"color":0,"nbt":"{}","armAnimationEnabled":false,"children":[0,1,2,3,4,5,6]}]}]}