{"credit":"Made by kron","textures":{"3":"custom/elitecreatures/techno_pack/technocrown"},"elements":[{"from":[10.5,0,5.5],"to":[10.5,3,10.5],"rotation":{"angle":0,"axis":"y","origin":[10.1789,16.50574,57.5]},"faces":{"north":{"uv":[0,0,0,3],"texture":"#3"},"east":{"uv":[0,0,5,3],"texture":"#3"},"south":{"uv":[0,0,0,3],"texture":"#3"},"west":{"uv":[0,3,5,6],"texture":"#3"},"up":{"uv":[0,5,0,0],"texture":"#3"},"down":{"uv":[0,0,0,5],"texture":"#3"}}},{"from":[5.5,0,5.5],"to":[10.5,3,5.5],"rotation":{"angle":0,"axis":"y","origin":[10.1789,16.50574,57.5]},"faces":{"north":{"uv":[0,9,5,12],"texture":"#3"},"east":{"uv":[0,0,0,3],"texture":"#3"},"south":{"uv":[5,0,10,3],"texture":"#3"},"west":{"uv":[0,0,0,3],"texture":"#3"},"up":{"uv":[5,0,0,0],"texture":"#3"},"down":{"uv":[5,0,0,0],"texture":"#3"}}},{"from":[5.5,0,5.5],"to":[5.5,3,10.5],"rotation":{"angle":0,"axis":"y","origin":[10.1789,16.50574,57.5]},"faces":{"north":{"uv":[0,0,0,3],"texture":"#3"},"east":{"uv":[0,3,5,6],"texture":"#3"},"south":{"uv":[0,0,0,3],"texture":"#3"},"west":{"uv":[5,6,10,9],"texture":"#3"},"up":{"uv":[0,5,0,0],"texture":"#3"},"down":{"uv":[0,0,0,5],"texture":"#3"}}},{"from":[5.5,0,10.5],"to":[10.5,3,10.5],"rotation":{"angle":0,"axis":"y","origin":[10.1789,16.50574,57.5]},"faces":{"north":{"uv":[5,0,10,3],"texture":"#3"},"east":{"uv":[0,0,0,3],"texture":"#3"},"south":{"uv":[5,3,10,6],"texture":"#3"},"west":{"uv":[0,0,0,3],"texture":"#3"},"up":{"uv":[5,0,0,0],"texture":"#3"},"down":{"uv":[5,0,0,0],"texture":"#3"}}}],"gui_light":"front","display":{"thirdperson_lefthand":{"rotation":[68,0,0],"translation":[-6,6.25,30.5],"scale":[1.88,1.88,1.88]},"head":{"translation":[0,26,0],"scale":[3.04,3.04,3.04]},"fixed":{"translation":[0,16.25,5],"scale":[2.42,2.42,2.42]}},"groups":[{"name":"bone","origin":[0,0,0],"color":0,"nbt":"{}","armAnimationEnabled":false,"children":[{"name":"bone2","origin":[-1.5711,8.44324,33.5],"color":0,"nbt":"{}","armAnimationEnabled":false,"children":[]}]},0,1,2,3]}