{"credit":"Made by kron","textures":{"1":"custom/elitecreatures/techno_pack/technocape"},"elements":[{"from":[3.9,11.8875,7.25],"to":[12.1,14.8875,11.25],"rotation":{"angle":0,"axis":"y","origin":[4.6789,8.44324,50.25]},"faces":{"north":{"uv":[8,4,12,5.5],"texture":"#1"},"east":{"uv":[8,4,10,5.5],"texture":"#1"},"south":{"uv":[8,4,12,5.5],"texture":"#1"},"west":{"uv":[10,4,8,5.5],"texture":"#1"},"up":{"uv":[12,2,8,0],"texture":"#1"},"down":{"uv":[12,2,8,4],"texture":"#1"}}},{"from":[4,-1.1125,9],"to":[12,13.8875,9],"rotation":{"angle":0,"axis":"y","origin":[4.6789,8.44324,50.25]},"faces":{"north":{"uv":[4,0,0,7.5],"texture":"#1"},"east":{"uv":[0,0,0,7.5],"texture":"#1"},"south":{"uv":[0,0,4,7.5],"texture":"#1"},"west":{"uv":[0,0,0,7.5],"texture":"#1"},"up":{"uv":[4,0,0,0],"texture":"#1"},"down":{"uv":[4,0,0,0],"texture":"#1"}}},{"from":[12,-1.1125,4.5],"to":[12,13.8875,9],"rotation":{"angle":0,"axis":"y","origin":[4.6789,8.44324,50.25]},"faces":{"north":{"uv":[0,0,0,7.5],"texture":"#1"},"east":{"uv":[9.75,7.5,7.5,15],"texture":"#1"},"south":{"uv":[0,0,0,7.5],"texture":"#1"},"west":{"uv":[7.5,7.5,9.75,15],"texture":"#1"},"up":{"uv":[0,2.25,0,0],"texture":"#1"},"down":{"uv":[0,0,0,2.25],"texture":"#1"}}},{"from":[4,-1.1125,4.5],"to":[4,13.8875,9],"rotation":{"angle":0,"axis":"y","origin":[4.6789,8.44324,50.25]},"faces":{"north":{"uv":[0,0,0,7.5],"texture":"#1"},"east":{"uv":[9.75,7.5,7.5,15],"texture":"#1"},"south":{"uv":[0,0,0,7.5],"texture":"#1"},"west":{"uv":[7.5,7.5,9.75,15],"texture":"#1"},"up":{"uv":[0,2.25,0,0],"texture":"#1"},"down":{"uv":[0,0,0,2.25],"texture":"#1"}}},{"from":[11,11.8375,4.25],"to":[14,14.0875,9.25],"rotation":{"angle":0,"axis":"y","origin":[4.6789,8.44324,50.25]},"faces":{"north":{"uv":[13,9,14.5,10.25],"texture":"#1"},"east":{"uv":[12,3,14.5,4.25],"texture":"#1"},"south":{"uv":[13,10.5,14.5,11.75],"texture":"#1"},"west":{"uv":[12,4.5,14.5,5.75],"texture":"#1"},"up":{"uv":[13,9.5,11.5,7],"texture":"#1"},"down":{"uv":[13,9.5,11.5,12],"texture":"#1"}}},{"from":[2,11.8375,4.25],"to":[5,14.0875,9.25],"rotation":{"angle":0,"axis":"y","origin":[4.6789,8.44324,50.25]},"faces":{"north":{"uv":[14.5,9,13,10.25],"texture":"#1"},"east":{"uv":[12,3,14.5,4.25],"texture":"#1"},"south":{"uv":[14.5,10.5,13,11.75],"texture":"#1"},"west":{"uv":[14.5,3,12,4.25],"texture":"#1"},"up":{"uv":[11.5,9.5,13,7],"texture":"#1"},"down":{"uv":[11.5,9.5,13,12],"texture":"#1"}}}],"gui_light":"front","display":{"thirdperson_lefthand":{"rotation":[68,0,0],"translation":[-6,-5.25,6],"scale":[1.3,1.3,1.3]},"firstperson_righthand":{"translation":[6,-6.5,0],"scale":[0.22,0.22,0.22]},"firstperson_lefthand":{"translation":[12,3.75,0],"scale":[0.1,0.1,0.1]},"gui":{"rotation":[0,153,0]}},"groups":[{"name":"bone","origin":[6.25,0,3.75],"color":0,"nbt":"{}","armAnimationEnabled":false,"children":[{"name":"bone2","origin":[4.6789,8.44324,37.25],"color":0,"nbt":"{}","armAnimationEnabled":false,"children":[]},0,1,2,3,4,5]}]}